{"cameraMode":{"drawMode":0,"name":"Shaded","section":"Shading Mode"},"sceneLighting":false,"audioPlay":false,"sceneViewState":{"showFog":true,"showMaterialUpdate":false,"showSkybox":false,"showFlares":true,"showImageEffects":true,"showParticleSystems":true},"in2DMode":false,"pivot":{"x":0.11319948732852936,"y":6.940000057220459,"z":-3.940000057220459},"rotation":{"x":-0.13041070103645326,"y":0.01992400549352169,"z":-0.0026213382370769979,"w":-0.9912580847740173},"size":2.8578836917877199,"orthographic":false}