{"cameraMode":{"drawMode":0,"name":"Shaded","section":"Shading Mode"},"sceneLighting":false,"audioPlay":false,"sceneViewState":{"showFog":true,"showMaterialUpdate":false,"showSkybox":false,"showFlares":true,"showImageEffects":true,"showParticleSystems":true},"in2DMode":false,"pivot":{"x":78.74412536621094,"y":61.86217498779297,"z":-344.38031005859377},"rotation":{"x":-0.120902881026268,"y":-0.09899803251028061,"z":0.012118750251829625,"w":-0.9876426458358765},"size":29.828269958496095,"orthographic":false}